{
    "builtin_strings": [
        "Logger", 
        "Thread", 
        "Pointer", 
        "Buffer", 
        "DecEnv", 
        "ObjEnv", 
        "", 
        "global", 
        "Arguments", 
        "JSON", 
        "Math", 
        "Error", 
        "RegExp", 
        "Date", 
        "Number", 
        "Boolean", 
        "String", 
        "Array", 
        "Function", 
        "Object", 
        "Null", 
        "Undefined", 
        "{_func:true}", 
        "{\"_func\":true}", 
        "{\"_ninf\":true}", 
        "{\"_inf\":true}", 
        "{\"_nan\":true}", 
        "{\"_undef\":true}", 
        "toLogString", 
        "clog", 
        "l", 
        "n", 
        "fatal", 
        "error", 
        "warn", 
        "debug", 
        "trace", 
        "raw", 
        "fmt", 
        "current", 
        "resume", 
        "compact", 
        "jc", 
        "jx", 
        "base64", 
        "hex", 
        "dec", 
        "enc", 
        "fin", 
        "gc", 
        "act", 
        "info", 
        "version", 
        "env", 
        "modLoaded", 
        "modSearch", 
        "errThrow", 
        "errCreate", 
        "compile", 
        "\u0000Regbase", 
        "\u0000Thread", 
        "\u0000Handler", 
        "\u0000Finalizer", 
        "\u0000Callee", 
        "\u0000Map", 
        "\u0000Args", 
        "\u0000This", 
        "\u0000Pc2line", 
        "\u0000Source", 
        "\u0000Varenv", 
        "\u0000Lexenv", 
        "\u0000Varmap", 
        "\u0000Formals", 
        "\u0000Bytecode", 
        "\u0000Next", 
        "\u0000Target", 
        "\u0000Value", 
        "pointer", 
        "buffer", 
        "\u0000Tracedata", 
        "lineNumber", 
        "fileName", 
        "pc", 
        "stack", 
        "ThrowTypeError", 
        "Duktape", 
        "id", 
        "require", 
        "__proto__", 
        "setPrototypeOf", 
        "ownKeys", 
        "enumerate", 
        "deleteProperty", 
        "has", 
        "Proxy", 
        "callee", 
        "Invalid Date", 
        "[...]", 
        "\n\t", 
        " ", 
        ",", 
        "-0", 
        "+0", 
        "0", 
        "-Infinity", 
        "+Infinity", 
        "Infinity", 
        "object", 
        "string", 
        "number", 
        "boolean", 
        "undefined", 
        "stringify", 
        "tan", 
        "sqrt", 
        "sin", 
        "round", 
        "random", 
        "pow", 
        "min", 
        "max", 
        "log", 
        "floor", 
        "exp", 
        "cos", 
        "ceil", 
        "atan2", 
        "atan", 
        "asin", 
        "acos", 
        "abs", 
        "SQRT2", 
        "SQRT1_2", 
        "PI", 
        "LOG10E", 
        "LOG2E", 
        "LN2", 
        "LN10", 
        "E", 
        "message", 
        "name", 
        "input", 
        "index", 
        "(?:)", 
        "lastIndex", 
        "multiline", 
        "ignoreCase", 
        "source", 
        "test", 
        "exec", 
        "toGMTString", 
        "setYear", 
        "getYear", 
        "toJSON", 
        "toISOString", 
        "toUTCString", 
        "setUTCFullYear", 
        "setFullYear", 
        "setUTCMonth", 
        "setMonth", 
        "setUTCDate", 
        "setDate", 
        "setUTCHours", 
        "setHours", 
        "setUTCMinutes", 
        "setMinutes", 
        "setUTCSeconds", 
        "setSeconds", 
        "setUTCMilliseconds", 
        "setMilliseconds", 
        "setTime", 
        "getTimezoneOffset", 
        "getUTCMilliseconds", 
        "getMilliseconds", 
        "getUTCSeconds", 
        "getSeconds", 
        "getUTCMinutes", 
        "getMinutes", 
        "getUTCHours", 
        "getHours", 
        "getUTCDay", 
        "getDay", 
        "getUTCDate", 
        "getDate", 
        "getUTCMonth", 
        "getMonth", 
        "getUTCFullYear", 
        "getFullYear", 
        "getTime", 
        "toLocaleTimeString", 
        "toLocaleDateString", 
        "toTimeString", 
        "toDateString", 
        "now", 
        "UTC", 
        "parse", 
        "toPrecision", 
        "toExponential", 
        "toFixed", 
        "POSITIVE_INFINITY", 
        "NEGATIVE_INFINITY", 
        "NaN", 
        "MIN_VALUE", 
        "MAX_VALUE", 
        "substr", 
        "trim", 
        "toLocaleUpperCase", 
        "toUpperCase", 
        "toLocaleLowerCase", 
        "toLowerCase", 
        "substring", 
        "split", 
        "search", 
        "replace", 
        "match", 
        "localeCompare", 
        "charCodeAt", 
        "charAt", 
        "fromCharCode", 
        "reduceRight", 
        "reduce", 
        "filter", 
        "map", 
        "forEach", 
        "some", 
        "every", 
        "lastIndexOf", 
        "indexOf", 
        "unshift", 
        "splice", 
        "sort", 
        "slice", 
        "shift", 
        "reverse", 
        "push", 
        "pop", 
        "join", 
        "concat", 
        "isArray", 
        "arguments", 
        "caller", 
        "bind", 
        "call", 
        "apply", 
        "propertyIsEnumerable", 
        "isPrototypeOf", 
        "hasOwnProperty", 
        "valueOf", 
        "toLocaleString", 
        "toString", 
        "constructor", 
        "set", 
        "get", 
        "enumerable", 
        "configurable", 
        "writable", 
        "value", 
        "keys", 
        "isExtensible", 
        "isFrozen", 
        "isSealed", 
        "preventExtensions", 
        "freeze", 
        "seal", 
        "defineProperties", 
        "defineProperty", 
        "create", 
        "getOwnPropertyNames", 
        "getOwnPropertyDescriptor", 
        "getPrototypeOf", 
        "prototype", 
        "length", 
        "alert", 
        "print", 
        "unescape", 
        "escape", 
        "encodeURIComponent", 
        "encodeURI", 
        "decodeURIComponent", 
        "decodeURI", 
        "isFinite", 
        "isNaN", 
        "parseFloat", 
        "parseInt", 
        "eval", 
        "URIError", 
        "TypeError", 
        "SyntaxError", 
        "ReferenceError", 
        "RangeError", 
        "EvalError", 
        "break", 
        "case", 
        "catch", 
        "continue", 
        "debugger", 
        "default", 
        "delete", 
        "do", 
        "else", 
        "finally", 
        "for", 
        "function", 
        "if", 
        "in", 
        "instanceof", 
        "new", 
        "return", 
        "switch", 
        "this", 
        "throw", 
        "try", 
        "typeof", 
        "var", 
        "void", 
        "while", 
        "with", 
        "class", 
        "const", 
        "enum", 
        "export", 
        "extends", 
        "import", 
        "super", 
        "null", 
        "true", 
        "false", 
        "implements", 
        "interface", 
        "let", 
        "package", 
        "private", 
        "protected", 
        "public", 
        "static", 
        "yield"
    ], 
    "builtin_strings_base64": [
        "TG9nZ2Vy", 
        "VGhyZWFk", 
        "UG9pbnRlcg==", 
        "QnVmZmVy", 
        "RGVjRW52", 
        "T2JqRW52", 
        "", 
        "Z2xvYmFs", 
        "QXJndW1lbnRz", 
        "SlNPTg==", 
        "TWF0aA==", 
        "RXJyb3I=", 
        "UmVnRXhw", 
        "RGF0ZQ==", 
        "TnVtYmVy", 
        "Qm9vbGVhbg==", 
        "U3RyaW5n", 
        "QXJyYXk=", 
        "RnVuY3Rpb24=", 
        "T2JqZWN0", 
        "TnVsbA==", 
        "VW5kZWZpbmVk", 
        "e19mdW5jOnRydWV9", 
        "eyJfZnVuYyI6dHJ1ZX0=", 
        "eyJfbmluZiI6dHJ1ZX0=", 
        "eyJfaW5mIjp0cnVlfQ==", 
        "eyJfbmFuIjp0cnVlfQ==", 
        "eyJfdW5kZWYiOnRydWV9", 
        "dG9Mb2dTdHJpbmc=", 
        "Y2xvZw==", 
        "bA==", 
        "bg==", 
        "ZmF0YWw=", 
        "ZXJyb3I=", 
        "d2Fybg==", 
        "ZGVidWc=", 
        "dHJhY2U=", 
        "cmF3", 
        "Zm10", 
        "Y3VycmVudA==", 
        "cmVzdW1l", 
        "Y29tcGFjdA==", 
        "amM=", 
        "ang=", 
        "YmFzZTY0", 
        "aGV4", 
        "ZGVj", 
        "ZW5j", 
        "Zmlu", 
        "Z2M=", 
        "YWN0", 
        "aW5mbw==", 
        "dmVyc2lvbg==", 
        "ZW52", 
        "bW9kTG9hZGVk", 
        "bW9kU2VhcmNo", 
        "ZXJyVGhyb3c=", 
        "ZXJyQ3JlYXRl", 
        "Y29tcGlsZQ==", 
        "/1JlZ2Jhc2U=", 
        "/1RocmVhZA==", 
        "/0hhbmRsZXI=", 
        "/0ZpbmFsaXplcg==", 
        "/0NhbGxlZQ==", 
        "/01hcA==", 
        "/0FyZ3M=", 
        "/1RoaXM=", 
        "/1BjMmxpbmU=", 
        "/1NvdXJjZQ==", 
        "/1ZhcmVudg==", 
        "/0xleGVudg==", 
        "/1Zhcm1hcA==", 
        "/0Zvcm1hbHM=", 
        "/0J5dGVjb2Rl", 
        "/05leHQ=", 
        "/1RhcmdldA==", 
        "/1ZhbHVl", 
        "cG9pbnRlcg==", 
        "YnVmZmVy", 
        "/1RyYWNlZGF0YQ==", 
        "bGluZU51bWJlcg==", 
        "ZmlsZU5hbWU=", 
        "cGM=", 
        "c3RhY2s=", 
        "VGhyb3dUeXBlRXJyb3I=", 
        "RHVrdGFwZQ==", 
        "aWQ=", 
        "cmVxdWlyZQ==", 
        "X19wcm90b19f", 
        "c2V0UHJvdG90eXBlT2Y=", 
        "b3duS2V5cw==", 
        "ZW51bWVyYXRl", 
        "ZGVsZXRlUHJvcGVydHk=", 
        "aGFz", 
        "UHJveHk=", 
        "Y2FsbGVl", 
        "SW52YWxpZCBEYXRl", 
        "Wy4uLl0=", 
        "Cgk=", 
        "IA==", 
        "LA==", 
        "LTA=", 
        "KzA=", 
        "MA==", 
        "LUluZmluaXR5", 
        "K0luZmluaXR5", 
        "SW5maW5pdHk=", 
        "b2JqZWN0", 
        "c3RyaW5n", 
        "bnVtYmVy", 
        "Ym9vbGVhbg==", 
        "dW5kZWZpbmVk", 
        "c3RyaW5naWZ5", 
        "dGFu", 
        "c3FydA==", 
        "c2lu", 
        "cm91bmQ=", 
        "cmFuZG9t", 
        "cG93", 
        "bWlu", 
        "bWF4", 
        "bG9n", 
        "Zmxvb3I=", 
        "ZXhw", 
        "Y29z", 
        "Y2VpbA==", 
        "YXRhbjI=", 
        "YXRhbg==", 
        "YXNpbg==", 
        "YWNvcw==", 
        "YWJz", 
        "U1FSVDI=", 
        "U1FSVDFfMg==", 
        "UEk=", 
        "TE9HMTBF", 
        "TE9HMkU=", 
        "TE4y", 
        "TE4xMA==", 
        "RQ==", 
        "bWVzc2FnZQ==", 
        "bmFtZQ==", 
        "aW5wdXQ=", 
        "aW5kZXg=", 
        "KD86KQ==", 
        "bGFzdEluZGV4", 
        "bXVsdGlsaW5l", 
        "aWdub3JlQ2FzZQ==", 
        "c291cmNl", 
        "dGVzdA==", 
        "ZXhlYw==", 
        "dG9HTVRTdHJpbmc=", 
        "c2V0WWVhcg==", 
        "Z2V0WWVhcg==", 
        "dG9KU09O", 
        "dG9JU09TdHJpbmc=", 
        "dG9VVENTdHJpbmc=", 
        "c2V0VVRDRnVsbFllYXI=", 
        "c2V0RnVsbFllYXI=", 
        "c2V0VVRDTW9udGg=", 
        "c2V0TW9udGg=", 
        "c2V0VVRDRGF0ZQ==", 
        "c2V0RGF0ZQ==", 
        "c2V0VVRDSG91cnM=", 
        "c2V0SG91cnM=", 
        "c2V0VVRDTWludXRlcw==", 
        "c2V0TWludXRlcw==", 
        "c2V0VVRDU2Vjb25kcw==", 
        "c2V0U2Vjb25kcw==", 
        "c2V0VVRDTWlsbGlzZWNvbmRz", 
        "c2V0TWlsbGlzZWNvbmRz", 
        "c2V0VGltZQ==", 
        "Z2V0VGltZXpvbmVPZmZzZXQ=", 
        "Z2V0VVRDTWlsbGlzZWNvbmRz", 
        "Z2V0TWlsbGlzZWNvbmRz", 
        "Z2V0VVRDU2Vjb25kcw==", 
        "Z2V0U2Vjb25kcw==", 
        "Z2V0VVRDTWludXRlcw==", 
        "Z2V0TWludXRlcw==", 
        "Z2V0VVRDSG91cnM=", 
        "Z2V0SG91cnM=", 
        "Z2V0VVRDRGF5", 
        "Z2V0RGF5", 
        "Z2V0VVRDRGF0ZQ==", 
        "Z2V0RGF0ZQ==", 
        "Z2V0VVRDTW9udGg=", 
        "Z2V0TW9udGg=", 
        "Z2V0VVRDRnVsbFllYXI=", 
        "Z2V0RnVsbFllYXI=", 
        "Z2V0VGltZQ==", 
        "dG9Mb2NhbGVUaW1lU3RyaW5n", 
        "dG9Mb2NhbGVEYXRlU3RyaW5n", 
        "dG9UaW1lU3RyaW5n", 
        "dG9EYXRlU3RyaW5n", 
        "bm93", 
        "VVRD", 
        "cGFyc2U=", 
        "dG9QcmVjaXNpb24=", 
        "dG9FeHBvbmVudGlhbA==", 
        "dG9GaXhlZA==", 
        "UE9TSVRJVkVfSU5GSU5JVFk=", 
        "TkVHQVRJVkVfSU5GSU5JVFk=", 
        "TmFO", 
        "TUlOX1ZBTFVF", 
        "TUFYX1ZBTFVF", 
        "c3Vic3Ry", 
        "dHJpbQ==", 
        "dG9Mb2NhbGVVcHBlckNhc2U=", 
        "dG9VcHBlckNhc2U=", 
        "dG9Mb2NhbGVMb3dlckNhc2U=", 
        "dG9Mb3dlckNhc2U=", 
        "c3Vic3RyaW5n", 
        "c3BsaXQ=", 
        "c2VhcmNo", 
        "cmVwbGFjZQ==", 
        "bWF0Y2g=", 
        "bG9jYWxlQ29tcGFyZQ==", 
        "Y2hhckNvZGVBdA==", 
        "Y2hhckF0", 
        "ZnJvbUNoYXJDb2Rl", 
        "cmVkdWNlUmlnaHQ=", 
        "cmVkdWNl", 
        "ZmlsdGVy", 
        "bWFw", 
        "Zm9yRWFjaA==", 
        "c29tZQ==", 
        "ZXZlcnk=", 
        "bGFzdEluZGV4T2Y=", 
        "aW5kZXhPZg==", 
        "dW5zaGlmdA==", 
        "c3BsaWNl", 
        "c29ydA==", 
        "c2xpY2U=", 
        "c2hpZnQ=", 
        "cmV2ZXJzZQ==", 
        "cHVzaA==", 
        "cG9w", 
        "am9pbg==", 
        "Y29uY2F0", 
        "aXNBcnJheQ==", 
        "YXJndW1lbnRz", 
        "Y2FsbGVy", 
        "YmluZA==", 
        "Y2FsbA==", 
        "YXBwbHk=", 
        "cHJvcGVydHlJc0VudW1lcmFibGU=", 
        "aXNQcm90b3R5cGVPZg==", 
        "aGFzT3duUHJvcGVydHk=", 
        "dmFsdWVPZg==", 
        "dG9Mb2NhbGVTdHJpbmc=", 
        "dG9TdHJpbmc=", 
        "Y29uc3RydWN0b3I=", 
        "c2V0", 
        "Z2V0", 
        "ZW51bWVyYWJsZQ==", 
        "Y29uZmlndXJhYmxl", 
        "d3JpdGFibGU=", 
        "dmFsdWU=", 
        "a2V5cw==", 
        "aXNFeHRlbnNpYmxl", 
        "aXNGcm96ZW4=", 
        "aXNTZWFsZWQ=", 
        "cHJldmVudEV4dGVuc2lvbnM=", 
        "ZnJlZXpl", 
        "c2VhbA==", 
        "ZGVmaW5lUHJvcGVydGllcw==", 
        "ZGVmaW5lUHJvcGVydHk=", 
        "Y3JlYXRl", 
        "Z2V0T3duUHJvcGVydHlOYW1lcw==", 
        "Z2V0T3duUHJvcGVydHlEZXNjcmlwdG9y", 
        "Z2V0UHJvdG90eXBlT2Y=", 
        "cHJvdG90eXBl", 
        "bGVuZ3Ro", 
        "YWxlcnQ=", 
        "cHJpbnQ=", 
        "dW5lc2NhcGU=", 
        "ZXNjYXBl", 
        "ZW5jb2RlVVJJQ29tcG9uZW50", 
        "ZW5jb2RlVVJJ", 
        "ZGVjb2RlVVJJQ29tcG9uZW50", 
        "ZGVjb2RlVVJJ", 
        "aXNGaW5pdGU=", 
        "aXNOYU4=", 
        "cGFyc2VGbG9hdA==", 
        "cGFyc2VJbnQ=", 
        "ZXZhbA==", 
        "VVJJRXJyb3I=", 
        "VHlwZUVycm9y", 
        "U3ludGF4RXJyb3I=", 
        "UmVmZXJlbmNlRXJyb3I=", 
        "UmFuZ2VFcnJvcg==", 
        "RXZhbEVycm9y", 
        "YnJlYWs=", 
        "Y2FzZQ==", 
        "Y2F0Y2g=", 
        "Y29udGludWU=", 
        "ZGVidWdnZXI=", 
        "ZGVmYXVsdA==", 
        "ZGVsZXRl", 
        "ZG8=", 
        "ZWxzZQ==", 
        "ZmluYWxseQ==", 
        "Zm9y", 
        "ZnVuY3Rpb24=", 
        "aWY=", 
        "aW4=", 
        "aW5zdGFuY2VvZg==", 
        "bmV3", 
        "cmV0dXJu", 
        "c3dpdGNo", 
        "dGhpcw==", 
        "dGhyb3c=", 
        "dHJ5", 
        "dHlwZW9m", 
        "dmFy", 
        "dm9pZA==", 
        "d2hpbGU=", 
        "d2l0aA==", 
        "Y2xhc3M=", 
        "Y29uc3Q=", 
        "ZW51bQ==", 
        "ZXhwb3J0", 
        "ZXh0ZW5kcw==", 
        "aW1wb3J0", 
        "c3VwZXI=", 
        "bnVsbA==", 
        "dHJ1ZQ==", 
        "ZmFsc2U=", 
        "aW1wbGVtZW50cw==", 
        "aW50ZXJmYWNl", 
        "bGV0", 
        "cGFja2FnZQ==", 
        "cHJpdmF0ZQ==", 
        "cHJvdGVjdGVk", 
        "cHVibGlj", 
        "c3RhdGlj", 
        "eWllbGQ="
    ], 
    "comment": "Metadata for Duktape build", 
    "duk_version": 10299, 
    "duk_version_string": "1.2.99", 
    "git_describe": "v1.2.0-54-gf23fb1b"
}